user_id,platform,timestamp,activity_type,duration_minutes
U004,Facebook,2025-04-04 08:19:06,chatting,29
U003,Facebook,2025-01-18 04:12:03,commenting,12
U004,Facebook,2025-01-28 21:44:43,reels_watching,14
U002,Facebook,2025-01-27 21:14:12,video_browsing,54
U002,Instagram,2025-02-19 17:00:25,tweeting,50
U001,Facebook,2025-01-07 19:35:44,video_browsing,10
U002,Twitter,2025-03-07 10:33:15,video_watching,27
U004,Facebook,2025-03-30 22:26:12,chatting,35
U004,TikTok,2025-01-18 05:45:57,reels_watching,49
U001,YouTube,2025-02-08 10:48:09,video_watching,28
U001,YouTube,2025-03-24 14:38:49,scrolling,15
U002,Twitter,2025-02-17 13:40:50,video_browsing,30
U002,Twitter,2025-02-23 19:47:31,commenting,19
U001,Facebook,2025-01-09 22:14:12,commenting,53
U004,TikTok,2025-03-26 17:44:41,scrolling,41
U004,YouTube,2025-02-26 06:11:06,scrolling,42
U001,YouTube,2025-03-09 06:39:44,reels_watching,49
U001,TikTok,2025-02-06 12:41:49,video_browsing,55
U002,YouTube,2025-01-16 15:17:36,reels_watching,16
U001,Twitter,2025-03-03 01:47:35,video_browsing,10
U001,Twitter,2025-01-17 07:31:56,commenting,19
U003,YouTube,2025-02-06 12:11:17,commenting,49
U001,Facebook,2025-01-13 06:50:58,commenting,21
U002,YouTube,2025-03-02 05:36:36,chatting,27
U002,Facebook,2025-01-16 07:53:18,video_watching,25
U004,YouTube,2025-04-16 05:34:46,chatting,22
U001,Twitter,2025-01-24 05:58:32,tweeting,37
U002,YouTube,2025-03-03 06:50:31,video_watching,17
U002,Twitter,2025-01-24 22:43:49,reels_watching,58
U004,Facebook,2025-02-22 11:38:22,tweeting,25
U003,Instagram,2025-01-25 20:07:46,tweeting,47
U003,Twitter,2025-03-11 08:59:08,reels_watching,40
U001,TikTok,2025-03-06 12:10:36,video_browsing,47
U001,Twitter,2025-03-17 13:00:20,reels_watching,15
U001,Instagram,2025-01-11 02:11:24,commenting,38
U004,Twitter,2025-03-28 16:16:50,reels_watching,17
U002,Facebook,2025-01-25 12:33:07,scrolling,50
U003,YouTube,2025-02-02 18:40:23,reels_watching,20
U002,Twitter,2025-03-22 15:42:29,reels_watching,11
U003,Facebook,2025-04-05 08:56:40,video_watching,32
U002,TikTok,2025-04-15 15:45:02,chatting,58
U001,Facebook,2025-02-24 18:57:02,scrolling,60
U004,YouTube,2025-01-14 02:59:20,chatting,36
U004,YouTube,2025-03-30 12:55:59,scrolling,21
U001,TikTok,2025-03-22 10:22:22,scrolling,33
U003,TikTok,2025-02-01 04:03:21,video_browsing,40
U002,TikTok,2025-03-14 07:48:44,tweeting,27
U002,TikTok,2025-04-04 17:16:42,commenting,19
U001,YouTube,2025-02-10 09:15:23,video_watching,35
U003,YouTube,2025-04-08 08:04:45,tweeting,31
U004,Twitter,2025-04-07 06:10:42,scrolling,24
U001,TikTok,2025-02-07 17:59:22,video_watching,27
U003,Facebook,2025-01-15 17:59:47,scrolling,32
U001,YouTube,2025-01-02 13:57:33,scrolling,59
U002,Twitter,2025-01-04 05:43:23,scrolling,27
U004,YouTube,2025-03-24 00:39:50,scrolling,42
U004,Facebook,2025-02-11 23:33:17,chatting,36
U002,YouTube,2025-03-13 07:51:23,chatting,55
U002,TikTok,2025-04-03 08:15:27,reels_watching,23
U002,TikTok,2025-02-04 21:28:04,tweeting,51
U001,TikTok,2025-02-24 05:07:55,tweeting,11
U003,Facebook,2025-02-03 08:55:13,chatting,44
U001,Instagram,2025-01-29 19:40:36,video_watching,37
U001,Twitter,2025-04-05 05:56:37,chatting,12
U001,Twitter,2025-03-17 22:44:22,video_watching,14
U001,TikTok,2025-03-07 00:02:47,chatting,22
U003,TikTok,2025-01-24 03:36:50,video_browsing,40
U002,TikTok,2025-02-15 16:51:08,commenting,34
U004,TikTok,2025-03-19 02:23:28,reels_watching,22
U002,YouTube,2025-04-05 19:06:56,chatting,60
U004,Instagram,2025-01-16 01:45:10,video_watching,10
U003,Instagram,2025-03-20 02:02:36,video_watching,48
U001,TikTok,2025-02-24 01:13:50,tweeting,21
U003,Twitter,2025-04-09 08:04:28,scrolling,48
U001,YouTube,2025-03-24 20:19:36,video_watching,59
U002,TikTok,2025-01-17 23:26:22,tweeting,11
U001,Twitter,2025-01-25 10:03:51,chatting,54
U003,TikTok,2025-03-23 03:10:55,video_watching,52
U003,Facebook,2025-02-22 04:41:25,chatting,25
U001,TikTok,2025-03-19 09:26:27,reels_watching,24
U004,TikTok,2025-03-17 16:59:41,reels_watching,21
U003,TikTok,2025-04-10 14:57:53,commenting,56
U003,Twitter,2025-02-16 19:49:41,commenting,51
U003,Facebook,2025-04-05 09:11:38,reels_watching,31
U001,Twitter,2025-03-10 19:39:18,commenting,42
U002,Facebook,2025-01-30 03:41:57,chatting,39
U002,Facebook,2025-04-05 15:23:59,scrolling,33
U002,Instagram,2025-01-15 11:28:55,video_watching,59
U003,Facebook,2025-01-20 01:07:15,chatting,52
U003,YouTube,2025-04-02 00:53:44,chatting,14
U003,YouTube,2025-01-19 06:05:22,video_watching,20
U004,TikTok,2025-03-04 05:12:44,video_watching,21
U001,Twitter,2025-04-01 02:34:15,video_watching,59
U002,TikTok,2025-03-02 09:52:33,scrolling,39
U003,Facebook,2025-01-28 00:42:39,scrolling,20
U004,Instagram,2025-03-11 16:47:03,tweeting,46
U003,TikTok,2025-01-12 03:26:09,chatting,22
U004,YouTube,2025-04-15 22:22:57,scrolling,57
U003,TikTok,2025-03-07 01:49:43,chatting,42
U004,Facebook,2025-01-19 18:22:44,reels_watching,43
U001,Twitter,2025-01-21 16:59:58,tweeting,28
U001,YouTube,2025-02-10 18:40:56,scrolling,28
U001,Twitter,2025-01-05 12:12:00,video_browsing,53
U004,Twitter,2025-01-20 07:24:39,chatting,11
U003,Twitter,2025-02-07 07:15:21,chatting,45
U004,TikTok,2025-03-19 14:25:55,commenting,15
U003,Instagram,2025-03-03 10:14:59,video_watching,36
U001,Instagram,2025-02-17 02:51:17,video_browsing,51
U001,YouTube,2025-02-06 14:31:26,video_browsing,53
U002,TikTok,2025-02-21 13:02:27,reels_watching,56
U001,YouTube,2025-01-24 01:40:45,scrolling,31
U003,YouTube,2025-02-27 07:09:04,chatting,46
U004,Instagram,2025-03-27 16:42:29,scrolling,30
U002,Facebook,2025-03-11 00:55:40,commenting,42
U004,Facebook,2025-04-10 12:20:33,chatting,34
U003,Facebook,2025-03-26 04:08:41,reels_watching,56
U002,Facebook,2025-03-16 14:17:41,video_browsing,43
U001,Facebook,2025-03-18 23:51:32,reels_watching,17
U004,YouTube,2025-02-17 17:20:06,scrolling,50
U003,Twitter,2025-03-23 12:57:28,tweeting,19
U002,YouTube,2025-03-18 08:08:37,video_browsing,24
U001,TikTok,2025-03-18 13:23:59,chatting,24
U004,Instagram,2025-01-09 10:05:59,commenting,12
U002,Facebook,2025-03-28 09:04:08,reels_watching,57
U004,Facebook,2025-02-18 06:53:26,video_watching,42
U001,Instagram,2025-02-17 00:34:01,reels_watching,48
U003,YouTube,2025-01-19 15:08:17,commenting,43
U002,Facebook,2025-02-03 00:51:24,tweeting,16
U002,TikTok,2025-01-30 14:37:21,tweeting,56
U001,Facebook,2025-03-30 03:02:49,video_watching,38
U004,TikTok,2025-02-08 00:55:10,video_browsing,40
U002,Instagram,2025-02-01 17:06:24,video_watching,34
U004,Facebook,2025-02-02 11:09:52,commenting,14
U003,TikTok,2025-02-28 16:34:33,tweeting,52
U004,TikTok,2025-02-19 16:07:34,chatting,45
U001,Instagram,2025-03-04 09:33:16,commenting,50
U004,Twitter,2025-04-16 05:40:42,chatting,51
U004,TikTok,2025-01-14 15:58:08,tweeting,36
U003,Facebook,2025-04-03 17:57:34,reels_watching,35
U002,Facebook,2025-01-01 08:17:56,scrolling,34
U004,TikTok,2025-01-25 05:44:56,scrolling,15
U004,Facebook,2025-03-04 03:57:34,scrolling,43
U004,Instagram,2025-01-19 04:59:32,scrolling,34
U003,YouTube,2025-01-24 08:57:40,scrolling,42
U001,TikTok,2025-02-25 00:30:33,chatting,17
U002,YouTube,2025-02-26 18:30:36,reels_watching,21
U003,Twitter,2025-01-11 07:03:01,reels_watching,42
U003,TikTok,2025-01-27 03:44:29,reels_watching,37
U001,Facebook,2025-04-16 08:15:31,chatting,25
U004,YouTube,2025-01-20 07:49:33,scrolling,47
U002,Instagram,2025-02-26 10:34:58,tweeting,30
U001,YouTube,2025-03-23 19:22:26,scrolling,28
U002,Instagram,2025-02-01 12:27:22,scrolling,28
U001,Facebook,2025-01-13 19:17:30,chatting,35
U001,TikTok,2025-01-19 06:25:12,commenting,52
U004,Twitter,2025-01-16 09:08:17,video_watching,46
U004,Instagram,2025-01-01 09:07:43,scrolling,29
U001,Instagram,2025-03-03 10:51:00,reels_watching,55
U003,Twitter,2025-03-26 11:18:22,video_browsing,36
U004,Twitter,2025-03-05 23:35:08,scrolling,24
U004,Twitter,2025-02-01 03:58:50,commenting,42
U003,YouTube,2025-02-20 18:00:59,video_watching,16
U004,TikTok,2025-02-28 15:25:08,commenting,40
U001,Facebook,2025-01-15 03:57:32,chatting,35
U001,Twitter,2025-03-23 23:17:20,video_browsing,49
U002,Facebook,2025-01-27 08:10:28,chatting,14
U002,Facebook,2025-03-15 07:36:22,tweeting,30
U003,YouTube,2025-04-14 05:49:44,video_watching,14
U001,YouTube,2025-01-21 15:28:47,scrolling,41
U002,Instagram,2025-03-19 19:06:28,reels_watching,52
U004,Facebook,2025-02-22 13:54:00,tweeting,15
U004,Facebook,2025-03-08 12:04:00,video_watching,23
U003,Facebook,2025-02-27 22:33:42,scrolling,42
U002,Instagram,2025-02-11 12:47:59,scrolling,13
U003,YouTube,2025-03-02 20:32:10,commenting,18
U004,Twitter,2025-04-10 03:17:05,commenting,46
U002,Instagram,2025-02-04 23:15:06,commenting,30
U001,YouTube,2025-04-07 18:57:33,scrolling,53
U004,Facebook,2025-01-06 05:22:32,chatting,56
U003,Instagram,2025-03-30 11:54:05,commenting,57
U004,YouTube,2025-03-30 11:08:42,tweeting,33
U001,YouTube,2025-03-15 13:47:19,reels_watching,19
U002,TikTok,2025-03-03 10:55:10,commenting,51
U004,Facebook,2025-01-27 08:12:47,chatting,53
U001,YouTube,2025-03-13 13:25:03,video_browsing,17
U001,Twitter,2025-03-06 23:44:41,commenting,45
U003,TikTok,2025-01-20 19:34:18,reels_watching,49
U002,Instagram,2025-03-22 08:21:34,scrolling,23
U001,Facebook,2025-01-07 10:37:27,commenting,60
U004,Facebook,2025-02-13 17:39:41,scrolling,11
U001,TikTok,2025-03-23 08:30:14,reels_watching,46
U002,Twitter,2025-01-26 17:02:34,tweeting,26
U002,Facebook,2025-01-13 22:34:42,tweeting,39
U001,YouTube,2025-01-18 14:23:54,reels_watching,16
U002,Instagram,2025-03-31 06:18:12,commenting,48
U004,YouTube,2025-01-26 10:45:26,chatting,48
U001,Twitter,2025-01-06 21:30:10,tweeting,59
U004,Facebook,2025-02-16 04:15:37,video_watching,54
U003,Instagram,2025-03-02 11:40:02,commenting,28
U003,Facebook,2025-02-15 13:52:37,scrolling,44
U002,Twitter,2025-03-01 08:27:04,tweeting,19
U002,Instagram,2025-01-24 05:03:02,tweeting,16
U002,YouTube,2025-01-04 22:00:25,video_browsing,48
U001,YouTube,2025-01-15 00:13:21,video_watching,47
U003,Twitter,2025-03-18 12:35:16,scrolling,12
U001,TikTok,2025-04-01 17:36:07,video_watching,55
U001,Instagram,2025-03-28 04:43:03,chatting,10
U004,Facebook,2025-01-03 07:22:34,commenting,24
U002,Twitter,2025-01-21 16:05:17,video_browsing,40
U003,Instagram,2025-04-05 14:02:49,video_watching,39
U002,YouTube,2025-02-23 11:56:41,chatting,43
U004,TikTok,2025-01-05 01:11:01,scrolling,51
U004,TikTok,2025-04-03 18:45:22,video_browsing,53
U002,Instagram,2025-02-26 09:35:09,chatting,31
U003,YouTube,2025-04-15 13:32:00,chatting,39
U001,Instagram,2025-01-10 06:37:57,tweeting,16
U004,Facebook,2025-03-21 06:22:51,scrolling,60
U002,Twitter,2025-02-08 11:50:08,tweeting,34
U001,Instagram,2025-04-10 16:01:24,tweeting,43
U001,Facebook,2025-03-21 08:46:55,video_browsing,51
U001,YouTube,2025-01-27 02:23:30,video_browsing,17
U003,Facebook,2025-03-21 16:04:56,commenting,37
U002,YouTube,2025-03-18 22:10:08,video_browsing,33
U004,TikTok,2025-02-10 08:23:30,commenting,55
U002,Twitter,2025-01-12 00:43:57,commenting,14
U003,Instagram,2025-01-16 20:19:00,chatting,42
U003,YouTube,2025-02-23 23:04:14,chatting,38
U002,TikTok,2025-02-20 01:37:04,chatting,59
U001,YouTube,2025-02-18 02:53:27,video_watching,26
U003,YouTube,2025-03-23 11:29:20,scrolling,32
U003,Instagram,2025-01-07 02:34:08,reels_watching,44
U002,Instagram,2025-04-03 02:57:50,commenting,27
U003,Instagram,2025-03-28 17:57:32,video_watching,30
U002,TikTok,2025-04-09 15:09:16,video_watching,37
U004,Twitter,2025-04-08 21:43:36,chatting,30
U001,Twitter,2025-02-26 05:36:59,reels_watching,32
U002,Facebook,2025-04-01 19:58:16,video_browsing,23
U004,Instagram,2025-03-03 11:05:07,video_browsing,27
U001,TikTok,2025-03-15 15:31:42,scrolling,59
U004,YouTube,2025-01-15 20:18:03,video_browsing,42
U001,YouTube,2025-03-28 18:28:35,video_browsing,23
U004,YouTube,2025-01-09 05:37:48,scrolling,60
U001,Facebook,2025-02-17 14:32:13,reels_watching,34
U004,Instagram,2025-02-20 06:47:33,scrolling,58
U001,Instagram,2025-04-09 19:31:14,scrolling,13
U003,Facebook,2025-03-05 21:53:37,scrolling,46
U002,YouTube,2025-02-28 21:28:10,reels_watching,57
U003,TikTok,2025-04-02 13:49:03,video_browsing,59
U002,Twitter,2025-04-09 02:45:47,reels_watching,60
U002,YouTube,2025-02-10 05:36:06,chatting,45
U001,Twitter,2025-01-13 07:42:09,chatting,57
U004,TikTok,2025-03-24 16:47:48,reels_watching,54
U004,Facebook,2025-01-14 22:25:01,chatting,46
U003,Instagram,2025-01-26 20:45:26,commenting,18
U003,Instagram,2025-02-02 05:59:27,scrolling,22
U001,Facebook,2025-02-15 20:52:39,video_browsing,51
U001,Twitter,2025-04-13 20:47:16,video_watching,35
U003,Instagram,2025-01-08 11:39:47,video_browsing,50
U003,Twitter,2025-04-08 23:03:13,tweeting,37
U004,YouTube,2025-01-18 15:57:13,reels_watching,41
U004,YouTube,2025-04-11 14:11:58,commenting,57
U001,TikTok,2025-01-21 19:21:25,video_browsing,58
U002,Facebook,2025-03-23 07:37:35,commenting,17
U002,Instagram,2025-04-07 04:42:56,commenting,16
U003,Twitter,2025-03-10 18:57:18,reels_watching,22
U002,Facebook,2025-01-14 23:27:21,video_browsing,27
U003,Twitter,2025-03-17 07:12:12,tweeting,25
U004,YouTube,2025-02-11 01:15:45,tweeting,29
U001,TikTok,2025-02-21 02:16:08,video_browsing,40
U002,Twitter,2025-02-12 11:25:55,video_browsing,45
U001,Instagram,2025-03-21 04:43:45,commenting,33
U002,Instagram,2025-04-13 04:13:15,tweeting,16
U001,Facebook,2025-01-21 20:42:39,tweeting,14
U004,Instagram,2025-04-12 09:54:28,video_watching,25
U002,Instagram,2025-02-21 03:21:32,chatting,12
U003,Instagram,2025-04-09 10:25:19,chatting,41
U002,YouTube,2025-03-25 23:42:22,scrolling,48
U001,Facebook,2025-03-15 02:53:20,video_browsing,57
U001,TikTok,2025-03-03 23:00:59,commenting,16
U003,Instagram,2025-01-28 15:15:09,commenting,52
U004,Facebook,2025-04-12 19:14:13,video_watching,21
U001,TikTok,2025-02-03 00:04:52,tweeting,50
U003,Instagram,2025-03-26 15:05:40,scrolling,38
U004,Twitter,2025-02-03 16:52:27,chatting,13
U001,Twitter,2025-04-10 00:04:27,chatting,50
U004,YouTube,2025-03-18 01:00:39,chatting,52
U003,YouTube,2025-03-24 02:31:30,tweeting,55
U001,Twitter,2025-04-04 12:49:04,scrolling,24
U003,Facebook,2025-01-15 21:18:13,commenting,56
U004,YouTube,2025-02-21 11:33:17,reels_watching,31
U004,TikTok,2025-03-28 04:28:58,video_watching,24
U004,Twitter,2025-03-11 00:40:32,video_watching,12
U002,Facebook,2025-03-18 04:45:26,scrolling,55
U004,Facebook,2025-04-13 00:04:26,reels_watching,28
U003,YouTube,2025-01-07 08:16:23,reels_watching,30
U003,YouTube,2025-01-29 02:02:04,chatting,16
U004,Instagram,2025-01-19 10:00:18,chatting,51
U004,TikTok,2025-03-22 00:58:13,commenting,28
U004,YouTube,2025-01-10 22:19:54,chatting,33
U002,TikTok,2025-01-20 01:05:24,tweeting,24
U002,Instagram,2025-03-29 00:40:51,chatting,47
U003,Facebook,2025-02-13 19:34:14,tweeting,48
U003,TikTok,2025-03-17 13:37:47,reels_watching,47
U003,Facebook,2025-02-26 06:13:15,chatting,11
U003,Twitter,2025-01-26 14:50:34,commenting,17
U004,Twitter,2025-03-16 16:51:17,tweeting,31
U004,TikTok,2025-01-04 04:32:29,scrolling,58
U004,Twitter,2025-04-10 07:08:40,chatting,27
U002,Facebook,2025-01-15 03:23:01,video_watching,20
U001,YouTube,2025-02-20 21:59:08,video_browsing,19
U002,YouTube,2025-04-15 18:27:16,scrolling,59
U001,Instagram,2025-01-01 15:59:09,reels_watching,27
U002,Twitter,2025-03-31 23:34:56,tweeting,32
U002,Twitter,2025-01-13 11:36:02,scrolling,17
U002,TikTok,2025-03-24 11:33:06,scrolling,54
U003,YouTube,2025-01-28 17:30:20,video_watching,27
U001,TikTok,2025-02-17 22:43:47,video_browsing,54
U004,TikTok,2025-01-03 15:44:22,video_watching,32
U004,Instagram,2025-01-27 20:09:25,scrolling,57
U001,YouTube,2025-01-09 09:58:29,commenting,13
U004,TikTok,2025-01-28 22:47:14,scrolling,35
U004,Instagram,2025-01-04 21:39:51,tweeting,14
U001,YouTube,2025-02-04 10:43:56,scrolling,23
U002,TikTok,2025-03-06 12:50:48,scrolling,55
U003,Twitter,2025-02-25 08:11:20,scrolling,24
U004,Twitter,2025-03-26 02:07:58,video_browsing,56
U004,YouTube,2025-01-17 03:38:28,video_browsing,35
U002,Twitter,2025-01-24 13:36:01,reels_watching,52
U001,Twitter,2025-04-09 05:52:06,commenting,41
U001,TikTok,2025-03-28 09:46:26,scrolling,12
U002,TikTok,2025-04-16 04:43:58,tweeting,39
U002,Twitter,2025-02-09 02:42:14,chatting,21
U002,Instagram,2025-04-06 18:53:26,tweeting,24
U004,TikTok,2025-02-13 18:55:05,reels_watching,35
U004,Facebook,2025-02-11 04:10:06,video_watching,30
U004,YouTube,2025-04-16 17:06:49,chatting,54
U001,Facebook,2025-03-05 11:14:35,scrolling,57
U001,Instagram,2025-01-28 22:42:43,commenting,25
U002,Facebook,2025-01-17 16:39:43,commenting,29
U002,Facebook,2025-03-30 01:03:16,video_watching,31
U004,Instagram,2025-02-12 01:21:23,video_browsing,46
U004,Facebook,2025-01-19 13:05:05,video_browsing,21
U002,TikTok,2025-02-27 07:46:28,video_browsing,43
U002,Facebook,2025-02-06 02:10:40,video_watching,43
U004,TikTok,2025-03-20 18:49:54,video_watching,52
U002,Instagram,2025-03-24 10:52:30,chatting,50
U003,Twitter,2025-02-21 08:51:30,commenting,55
U001,Instagram,2025-02-14 15:06:49,commenting,49
U003,YouTube,2025-01-11 10:26:09,tweeting,20
U003,Twitter,2025-03-29 22:29:43,scrolling,49
U004,YouTube,2025-03-17 10:09:45,chatting,54
U002,Instagram,2025-01-06 12:30:27,video_browsing,16
U002,TikTok,2025-03-25 05:02:25,reels_watching,34
U001,YouTube,2025-01-19 22:19:46,video_browsing,27
U004,Instagram,2025-04-07 13:39:07,video_browsing,18
U003,Twitter,2025-03-21 19:33:06,video_browsing,39
U004,TikTok,2025-03-14 06:05:53,scrolling,40
U003,Facebook,2025-04-14 18:14:04,video_browsing,47
U003,YouTube,2025-02-21 17:20:18,video_browsing,27
U001,Instagram,2025-04-02 17:49:45,video_watching,57
U004,YouTube,2025-01-20 17:13:14,scrolling,29
U001,Twitter,2025-02-18 15:38:44,chatting,51
U003,Facebook,2025-01-29 19:13:27,scrolling,22
U001,Twitter,2025-03-17 18:14:08,tweeting,21
U002,YouTube,2025-02-28 07:01:41,tweeting,57
U003,YouTube,2025-01-16 10:47:13,tweeting,54
U004,YouTube,2025-01-11 14:14:30,reels_watching,30
U002,Twitter,2025-02-02 15:03:44,video_browsing,32
U003,TikTok,2025-03-07 22:14:21,scrolling,43
U001,Facebook,2025-01-15 18:56:54,scrolling,22
U004,Twitter,2025-01-30 16:24:19,reels_watching,37
U001,Twitter,2025-02-15 16:18:48,reels_watching,49
U003,YouTube,2025-03-28 15:39:11,reels_watching,47
U003,Facebook,2025-03-26 04:17:15,chatting,49
U003,Twitter,2025-01-19 14:02:55,commenting,39
U003,Instagram,2025-01-05 01:46:21,chatting,23
U002,TikTok,2025-01-01 20:19:30,commenting,48
U004,YouTube,2025-04-03 08:16:20,commenting,44
U003,TikTok,2025-01-03 18:13:00,reels_watching,34
U003,TikTok,2025-03-15 02:26:39,reels_watching,55
U004,Instagram,2025-02-28 22:24:13,commenting,41
U002,Twitter,2025-01-15 01:47:39,scrolling,35
U002,TikTok,2025-03-18 22:50:04,video_browsing,25
U004,YouTube,2025-04-07 00:21:25,reels_watching,16
U003,Facebook,2025-01-24 05:50:46,commenting,21
U003,Twitter,2025-02-27 00:11:50,reels_watching,19
U003,Facebook,2025-04-16 01:14:33,scrolling,34
U004,Instagram,2025-03-04 12:09:49,chatting,35
U001,YouTube,2025-03-09 12:19:11,scrolling,14
U004,TikTok,2025-03-29 12:10:04,chatting,22
U003,YouTube,2025-04-11 04:19:35,reels_watching,44
U004,YouTube,2025-02-25 03:18:42,reels_watching,27
U002,Twitter,2025-03-09 05:21:31,tweeting,42
U002,YouTube,2025-02-24 08:12:32,commenting,24
U001,TikTok,2025-03-13 22:39:02,commenting,41
U004,Instagram,2025-01-07 21:38:20,tweeting,52
U002,Twitter,2025-04-16 18:11:42,scrolling,33
U004,Instagram,2025-03-04 04:33:25,chatting,16
U001,Twitter,2025-03-22 02:47:54,tweeting,54
U003,Twitter,2025-03-27 09:37:54,video_watching,42
U004,Facebook,2025-01-28 10:43:26,video_watching,50
U003,YouTube,2025-01-19 01:39:23,reels_watching,29
U003,Facebook,2025-02-02 02:53:49,video_watching,36
U002,YouTube,2025-02-16 19:57:43,video_browsing,18
U001,TikTok,2025-02-12 23:12:52,video_watching,52
U002,Instagram,2025-03-30 11:48:05,tweeting,27
U001,YouTube,2025-03-17 17:02:29,tweeting,53
U002,Twitter,2025-01-10 00:11:10,commenting,41
U001,Instagram,2025-02-20 12:51:12,scrolling,52
U003,Twitter,2025-01-31 11:53:52,video_watching,31
U004,TikTok,2025-02-22 03:23:51,commenting,59
U002,YouTube,2025-03-17 09:15:55,chatting,46
U003,TikTok,2025-02-24 12:21:33,video_browsing,25
U001,YouTube,2025-04-14 04:02:20,tweeting,15
U004,Twitter,2025-02-15 21:04:13,scrolling,30
U003,TikTok,2025-03-26 23:00:15,scrolling,20
U003,YouTube,2025-04-03 07:54:05,video_browsing,26
U001,Twitter,2025-04-09 14:54:35,video_watching,38
U003,Facebook,2025-02-24 02:35:35,reels_watching,54
U002,Twitter,2025-03-15 19:31:03,commenting,57
U002,Instagram,2025-02-22 22:37:22,chatting,45
U001,TikTok,2025-04-06 22:25:37,tweeting,45
U002,Instagram,2025-02-04 04:29:43,video_watching,17
U004,TikTok,2025-03-27 08:28:43,reels_watching,16
U001,YouTube,2025-04-06 12:54:29,scrolling,15
U002,TikTok,2025-01-20 00:11:28,chatting,31
U002,YouTube,2025-03-08 17:06:37,video_watching,36
U004,Facebook,2025-01-11 02:51:15,reels_watching,36
U001,TikTok,2025-01-29 13:41:49,reels_watching,11
U002,TikTok,2025-01-19 20:45:36,video_watching,22
U004,Instagram,2025-01-23 06:16:15,tweeting,37
U004,TikTok,2025-01-08 15:31:27,commenting,24
U003,TikTok,2025-01-31 03:17:14,chatting,53
U002,TikTok,2025-02-27 20:28:54,video_watching,11
U003,Instagram,2025-02-04 08:39:51,reels_watching,18
U001,Facebook,2025-01-15 09:01:22,reels_watching,40
U003,Instagram,2025-03-11 08:15:05,reels_watching,58
U001,YouTube,2025-02-04 17:57:33,video_watching,58
U001,Instagram,2025-04-15 16:49:18,reels_watching,45
U001,YouTube,2025-02-10 18:20:25,reels_watching,40
U001,TikTok,2025-02-04 01:57:05,chatting,43
U004,Twitter,2025-04-05 07:41:56,chatting,17
U002,Instagram,2025-03-02 08:03:00,commenting,44
U003,YouTube,2025-01-17 09:27:36,reels_watching,53
U002,TikTok,2025-01-10 18:21:12,video_watching,12
U004,Twitter,2025-03-03 15:03:59,scrolling,55
U003,YouTube,2025-03-29 16:32:35,video_watching,31
U001,Facebook,2025-03-23 20:39:38,tweeting,24
U002,Instagram,2025-02-13 01:11:17,tweeting,53
U002,YouTube,2025-03-21 23:49:52,tweeting,10
U004,Instagram,2025-03-20 14:20:54,reels_watching,28
U004,Twitter,2025-01-15 14:41:05,reels_watching,58
U003,TikTok,2025-04-04 13:02:52,tweeting,45
U001,TikTok,2025-02-28 23:37:04,reels_watching,14
U004,Instagram,2025-01-08 06:56:06,video_browsing,24
U001,YouTube,2025-02-16 21:21:19,scrolling,26
U001,Twitter,2025-03-23 23:23:44,video_watching,47
U004,Facebook,2025-01-01 04:28:07,reels_watching,21
U002,Twitter,2025-03-12 16:48:28,video_browsing,13
U003,TikTok,2025-02-21 09:30:48,chatting,18
U002,TikTok,2025-02-09 19:33:52,video_browsing,48
U001,YouTube,2025-02-17 17:25:55,scrolling,45
U004,TikTok,2025-03-07 00:23:07,video_watching,15
U001,YouTube,2025-03-27 22:19:20,commenting,33
U004,TikTok,2025-03-01 21:37:36,commenting,23
U004,Twitter,2025-02-20 07:39:08,chatting,21
U001,TikTok,2025-02-06 01:24:23,scrolling,56
U003,Facebook,2025-01-07 04:00:13,video_watching,10
U003,Instagram,2025-03-03 08:41:24,reels_watching,36
U002,Instagram,2025-01-26 10:16:36,chatting,55
U002,TikTok,2025-01-17 15:26:50,video_watching,31
U002,Facebook,2025-04-13 03:46:33,reels_watching,25
U003,Twitter,2025-02-19 05:11:25,commenting,10
U001,Facebook,2025-01-22 00:39:46,video_watching,10
U001,TikTok,2025-02-11 12:54:37,reels_watching,59
U003,TikTok,2025-03-09 01:31:13,video_browsing,15
U004,Twitter,2025-03-26 22:26:44,reels_watching,41
U003,Facebook,2025-02-26 00:00:00,video_browsing,20
U002,Facebook,2025-03-18 12:25:03,chatting,13
U001,TikTok,2025-02-17 13:56:27,tweeting,16
U001,Twitter,2025-03-30 02:10:30,video_browsing,48
U002,Instagram,2025-03-19 08:33:44,commenting,30
U003,Instagram,2025-02-01 23:26:00,video_watching,53
U003,Facebook,2025-02-24 02:31:01,scrolling,37
U003,Twitter,2025-03-18 11:26:22,chatting,20
U001,Instagram,2025-01-09 04:44:54,video_watching,20
U004,Twitter,2025-03-16 21:59:29,commenting,23
U001,TikTok,2025-01-01 15:39:30,scrolling,32
U002,Twitter,2025-03-12 13:50:50,video_browsing,51
U001,Instagram,2025-01-14 13:59:11,commenting,38
U003,TikTok,2025-02-19 12:42:44,video_watching,44
U001,TikTok,2025-03-27 06:21:57,tweeting,46
U001,Twitter,2025-02-10 23:37:36,tweeting,27
U003,YouTube,2025-03-31 23:12:18,reels_watching,40
U002,Facebook,2025-01-28 11:18:43,video_watching,17
U001,TikTok,2025-01-08 09:55:20,scrolling,42
U001,TikTok,2025-01-06 08:03:41,tweeting,57
U004,YouTube,2025-03-15 12:35:22,scrolling,13
U004,Facebook,2025-02-08 22:19:54,tweeting,38
U004,YouTube,2025-01-18 22:00:34,commenting,14
U001,Facebook,2025-01-03 17:07:39,chatting,55
U002,Instagram,2025-04-14 16:04:44,commenting,32
U001,TikTok,2025-02-28 00:42:33,video_watching,25
U002,Facebook,2025-01-20 10:51:43,reels_watching,28
U002,Instagram,2025-03-13 20:57:41,video_browsing,26
U003,TikTok,2025-02-21 17:13:48,scrolling,51
U002,TikTok,2025-04-09 00:51:27,video_watching,25
U003,YouTube,2025-03-15 01:57:25,chatting,16
U003,Facebook,2025-02-05 02:24:41,chatting,50
U004,YouTube,2025-03-11 16:40:45,video_watching,33
U003,TikTok,2025-04-16 14:25:31,tweeting,23
U001,Twitter,2025-03-24 08:10:11,reels_watching,18
U003,TikTok,2025-01-18 22:57:54,commenting,31
U001,Twitter,2025-01-18 17:57:11,commenting,44
U003,TikTok,2025-03-31 00:34:01,chatting,16
U004,TikTok,2025-02-01 02:30:49,reels_watching,59
U003,Twitter,2025-04-13 05:36:24,chatting,52
U004,Facebook,2025-01-14 18:11:07,commenting,39
U002,TikTok,2025-01-30 00:57:57,chatting,54
U001,Facebook,2025-03-03 23:36:55,chatting,29
U003,Twitter,2025-03-03 04:06:46,scrolling,22
U004,Facebook,2025-03-07 07:37:44,video_watching,25
U003,TikTok,2025-03-07 14:52:51,commenting,51
U002,TikTok,2025-04-04 16:49:15,video_watching,60
U001,YouTube,2025-04-02 21:41:09,chatting,29
U002,Instagram,2025-01-13 20:29:52,scrolling,26
U002,Instagram,2025-03-24 11:58:37,tweeting,44
U001,Facebook,2025-02-06 04:44:03,video_browsing,35
U002,Twitter,2025-03-07 23:48:16,video_browsing,19
U001,YouTube,2025-03-10 20:05:18,commenting,49
U004,Twitter,2025-02-08 01:04:00,video_browsing,15
U001,TikTok,2025-02-25 11:29:24,video_watching,23
U003,TikTok,2025-01-19 13:38:09,tweeting,17
U004,Twitter,2025-01-26 08:04:57,video_watching,22
U003,Instagram,2025-01-22 15:12:22,tweeting,20
U003,YouTube,2025-04-10 14:24:29,chatting,21
U001,Twitter,2025-03-08 00:58:04,video_watching,17
U002,Twitter,2025-02-11 21:11:13,tweeting,51
U003,Twitter,2025-04-14 17:38:21,chatting,20
U004,Twitter,2025-03-31 12:00:09,commenting,55
U001,TikTok,2025-01-13 03:13:35,tweeting,54
U003,Twitter,2025-03-15 19:58:59,commenting,36
U002,Facebook,2025-03-04 16:58:01,tweeting,23
U004,YouTube,2025-03-10 10:54:01,reels_watching,60
U003,TikTok,2025-04-10 15:08:30,chatting,46
U003,Facebook,2025-01-22 20:05:46,video_browsing,44
U004,Facebook,2025-03-04 15:01:19,tweeting,25
U003,TikTok,2025-02-19 19:01:09,video_watching,40
U003,Instagram,2025-04-07 13:00:06,video_watching,27
U003,Twitter,2025-01-17 18:04:04,chatting,27
U003,Facebook,2025-02-12 04:10:39,scrolling,48
U004,TikTok,2025-02-13 00:58:12,commenting,53
U002,YouTube,2025-04-03 17:26:20,video_browsing,30
U003,YouTube,2025-02-04 04:23:08,commenting,57
U001,Instagram,2025-02-12 15:15:51,video_watching,13
U004,Facebook,2025-03-17 04:23:59,chatting,31
U003,Instagram,2025-04-04 23:14:04,chatting,12
U004,YouTube,2025-03-02 07:40:43,video_browsing,46
U001,Instagram,2025-01-14 15:24:39,video_watching,58
U004,YouTube,2025-01-15 20:39:37,video_browsing,47
U003,Instagram,2025-01-24 19:51:03,tweeting,11
U001,YouTube,2025-02-06 06:55:05,chatting,19
U004,Twitter,2025-03-04 19:56:40,video_watching,53
U003,YouTube,2025-01-13 03:58:11,commenting,10
U002,Twitter,2025-03-19 22:08:29,reels_watching,49
U001,Facebook,2025-03-06 15:48:42,scrolling,36
U002,Twitter,2025-01-21 20:14:46,video_watching,11
U003,YouTube,2025-03-10 22:33:00,scrolling,58
U004,Twitter,2025-03-08 15:34:18,chatting,53
U002,YouTube,2025-01-20 17:49:50,commenting,27
U004,Twitter,2025-01-20 06:04:49,scrolling,25
U002,Instagram,2025-02-21 14:51:06,chatting,50
U002,Facebook,2025-04-13 07:34:03,chatting,14
U002,Twitter,2025-03-19 14:37:07,chatting,47
U004,YouTube,2025-01-22 21:04:30,chatting,29
U001,Facebook,2025-03-03 19:01:55,commenting,10
U002,Twitter,2025-03-29 14:10:03,reels_watching,16
U003,Facebook,2025-03-12 03:39:21,commenting,39
U002,YouTube,2025-01-25 05:04:08,reels_watching,22
U003,Twitter,2025-02-26 14:34:39,chatting,10
U001,Twitter,2025-02-19 01:49:41,chatting,24
U001,TikTok,2025-01-05 18:40:54,commenting,40
U002,YouTube,2025-03-31 21:06:56,chatting,49
U002,Instagram,2025-03-14 11:11:59,tweeting,52
U003,Facebook,2025-04-05 13:58:00,video_browsing,34
U001,Facebook,2025-02-14 03:31:03,video_browsing,51
U002,YouTube,2025-02-02 07:07:03,scrolling,15
U003,YouTube,2025-03-07 10:42:51,scrolling,56
U004,Twitter,2025-02-08 15:00:09,chatting,51
U004,TikTok,2025-02-01 03:54:25,scrolling,20
U002,Instagram,2025-03-09 16:21:45,commenting,14
U001,Facebook,2025-01-07 12:29:17,video_browsing,36
U001,YouTube,2025-04-15 05:42:34,tweeting,45
U004,YouTube,2025-02-18 03:38:47,video_browsing,59
U002,Facebook,2025-02-14 17:15:43,scrolling,55
U002,YouTube,2025-02-09 14:42:34,reels_watching,25
U003,YouTube,2025-04-15 01:31:17,video_browsing,28
U004,Facebook,2025-03-28 00:50:20,video_watching,18
U001,TikTok,2025-01-16 18:54:25,video_browsing,47
U001,TikTok,2025-02-05 03:45:41,tweeting,42
U004,Instagram,2025-02-14 10:48:11,scrolling,15
U001,YouTube,2025-03-13 09:46:50,reels_watching,46
U001,Instagram,2025-03-18 01:07:22,reels_watching,56
U001,Instagram,2025-03-15 00:33:11,tweeting,23
U002,Facebook,2025-03-06 18:46:47,video_browsing,27
U003,TikTok,2025-03-11 03:23:50,video_watching,42
U001,TikTok,2025-02-10 22:06:24,video_browsing,20
U004,Facebook,2025-04-06 20:56:56,chatting,33
U003,Twitter,2025-02-13 03:35:14,video_watching,16
U001,YouTube,2025-03-28 17:09:04,commenting,58
U003,Twitter,2025-04-07 01:44:59,chatting,36
U003,Facebook,2025-03-24 14:39:25,commenting,56
U002,Instagram,2025-03-28 18:56:53,tweeting,42
U002,Instagram,2025-01-17 13:58:23,scrolling,41
U002,TikTok,2025-04-04 17:15:15,chatting,19
U004,TikTok,2025-04-15 01:20:30,tweeting,37
U002,YouTube,2025-03-26 19:28:53,commenting,13
U003,Facebook,2025-03-06 10:14:20,reels_watching,11
U001,Twitter,2025-01-24 16:25:41,video_browsing,53
U004,Facebook,2025-03-20 00:24:58,commenting,25
U004,Facebook,2025-02-27 20:26:42,chatting,22
U001,Facebook,2025-04-15 03:02:50,scrolling,47
U004,Facebook,2025-02-02 00:48:47,commenting,30
U004,Twitter,2025-02-24 15:15:17,scrolling,53
U002,Facebook,2025-04-03 15:22:45,tweeting,50
U002,Facebook,2025-02-02 17:50:02,scrolling,60
U001,Twitter,2025-03-15 06:56:15,scrolling,43
U001,Facebook,2025-02-04 19:57:53,tweeting,11
U004,TikTok,2025-04-11 06:37:39,video_watching,40
U004,TikTok,2025-02-05 15:01:42,commenting,22
U002,Twitter,2025-03-01 23:06:27,video_watching,24
U001,TikTok,2025-02-16 12:14:17,video_watching,42
U003,Facebook,2025-04-13 11:10:51,reels_watching,33
U002,Facebook,2025-01-24 18:56:37,video_browsing,10
U002,YouTube,2025-01-14 02:16:33,chatting,35
U004,Instagram,2025-01-20 21:43:33,chatting,16
U001,TikTok,2025-01-13 11:29:22,video_browsing,25
U003,Facebook,2025-04-13 02:13:39,reels_watching,45
U003,Twitter,2025-04-06 08:16:28,video_watching,15
U004,Facebook,2025-02-15 00:56:33,tweeting,16
U001,Twitter,2025-03-17 21:51:33,commenting,18
U004,Facebook,2025-03-16 07:37:25,chatting,24
U002,Facebook,2025-02-05 10:57:12,commenting,25
U003,Twitter,2025-01-21 00:01:04,video_watching,58
U004,TikTok,2025-02-07 11:40:22,scrolling,39
U001,Facebook,2025-01-04 13:40:55,chatting,44
U001,TikTok,2025-04-07 05:37:23,reels_watching,60
U003,YouTube,2025-01-09 12:44:25,video_browsing,56
U003,TikTok,2025-03-10 12:12:52,scrolling,52
U002,Facebook,2025-02-01 15:02:56,reels_watching,21
U001,Twitter,2025-02-15 18:55:10,reels_watching,19
U004,Facebook,2025-02-28 16:04:03,video_browsing,23
U001,Twitter,2025-02-02 23:42:27,tweeting,17
U001,Twitter,2025-03-30 10:32:18,scrolling,27
U004,TikTok,2025-03-28 01:32:21,reels_watching,47
U004,Instagram,2025-01-30 04:13:47,video_watching,11
U004,Facebook,2025-01-18 00:53:48,scrolling,47
U001,TikTok,2025-02-08 08:40:47,video_browsing,35
U004,TikTok,2025-01-06 09:53:50,chatting,25
U004,Instagram,2025-04-02 14:33:42,video_watching,47
U001,YouTube,2025-01-06 22:33:23,reels_watching,18
U004,Instagram,2025-03-04 14:21:21,tweeting,60
U003,Instagram,2025-03-20 16:57:45,commenting,56
U001,TikTok,2025-02-15 02:24:47,video_watching,57
U003,Twitter,2025-02-13 20:44:21,video_browsing,43
U004,Twitter,2025-02-19 22:28:21,video_watching,27
U002,Facebook,2025-01-18 02:53:05,commenting,29
U004,Instagram,2025-04-06 08:28:07,scrolling,39
U001,TikTok,2025-02-14 23:06:59,commenting,31
U002,Twitter,2025-01-16 00:09:30,chatting,31
U002,Twitter,2025-03-29 15:22:29,scrolling,23
U002,Twitter,2025-01-19 12:48:55,chatting,42
U002,Instagram,2025-03-12 14:34:50,reels_watching,14
U001,YouTube,2025-03-24 01:14:27,tweeting,41
U002,TikTok,2025-03-10 23:59:13,video_watching,30
U002,Facebook,2025-01-04 01:08:05,commenting,43
U001,Facebook,2025-02-28 01:48:10,scrolling,41
U004,Twitter,2025-04-08 10:50:37,commenting,20
U004,TikTok,2025-03-08 23:15:24,reels_watching,60
U003,TikTok,2025-02-01 07:03:21,video_watching,12
U003,YouTube,2025-03-05 03:04:05,tweeting,53
U003,Facebook,2025-01-30 06:05:16,scrolling,56
U004,TikTok,2025-01-12 15:58:45,chatting,41
U001,Facebook,2025-03-29 15:50:33,chatting,55
U003,Facebook,2025-02-10 06:33:46,tweeting,18
U001,Instagram,2025-03-29 00:00:59,tweeting,25
U003,Facebook,2025-04-02 12:55:41,scrolling,52
U003,Facebook,2025-01-20 14:16:40,reels_watching,16
U001,Twitter,2025-01-06 00:46:36,commenting,42
U004,Facebook,2025-03-15 02:03:54,commenting,25
U001,Instagram,2025-02-10 12:29:38,chatting,58
U004,TikTok,2025-01-12 12:17:24,video_watching,31
U004,Twitter,2025-02-16 11:45:54,video_watching,53
U004,YouTube,2025-03-02 14:45:19,video_browsing,28
U003,Twitter,2025-04-05 04:45:14,chatting,47
U002,Instagram,2025-02-28 11:47:35,scrolling,47
U003,YouTube,2025-02-17 16:38:12,video_watching,33
U004,YouTube,2025-01-17 16:21:15,video_browsing,48
U001,TikTok,2025-01-11 23:51:05,video_watching,25
U004,TikTok,2025-01-17 04:46:29,chatting,23
U001,Twitter,2025-01-19 21:11:20,chatting,26
U003,Instagram,2025-03-11 22:21:07,video_browsing,20
U004,Facebook,2025-03-05 17:13:52,commenting,23
U002,TikTok,2025-03-18 23:58:00,chatting,53
U004,Twitter,2025-04-14 12:41:54,video_browsing,38
U002,TikTok,2025-02-26 00:07:18,commenting,37
U003,Instagram,2025-03-24 04:04:35,chatting,56
U003,Facebook,2025-03-24 23:24:00,video_watching,10
U001,Facebook,2025-03-18 02:47:36,scrolling,49
U004,YouTube,2025-01-26 06:11:52,tweeting,21
U003,Instagram,2025-01-24 21:22:22,tweeting,20
U004,Facebook,2025-02-07 07:26:50,tweeting,59
U001,Instagram,2025-02-18 07:15:43,reels_watching,44
U002,Instagram,2025-03-13 13:27:31,commenting,43
U003,TikTok,2025-02-03 21:04:02,scrolling,19
U001,YouTube,2025-03-26 01:09:58,commenting,43
U001,YouTube,2025-03-04 20:49:41,chatting,17
U004,TikTok,2025-01-29 18:54:22,video_browsing,11
U001,Facebook,2025-01-08 20:35:29,scrolling,18
U004,TikTok,2025-04-03 01:24:40,video_browsing,49
U003,TikTok,2025-03-29 03:02:20,reels_watching,16
U001,Facebook,2025-02-10 19:33:54,video_browsing,53
U003,TikTok,2025-02-19 06:07:14,commenting,37
U001,Facebook,2025-02-12 08:19:07,tweeting,46
U001,TikTok,2025-01-24 06:29:05,tweeting,29
U001,Facebook,2025-01-08 22:59:12,tweeting,57
U001,Instagram,2025-01-10 15:46:11,commenting,50
U002,Facebook,2025-03-16 01:28:37,scrolling,30
U003,Instagram,2025-04-02 14:48:46,scrolling,34
U004,YouTube,2025-01-03 05:41:59,video_browsing,50
U004,YouTube,2025-03-06 01:34:24,chatting,32
U003,TikTok,2025-03-10 09:13:41,video_watching,52
U004,Facebook,2025-03-15 15:57:18,commenting,55
U003,YouTube,2025-03-16 13:33:50,chatting,18
U001,Facebook,2025-02-03 08:03:42,chatting,45
U004,Twitter,2025-03-14 21:50:29,chatting,10
U004,TikTok,2025-02-21 12:57:21,video_watching,10
U003,YouTube,2025-03-20 10:16:57,video_browsing,28
U004,Instagram,2025-03-10 14:50:41,chatting,36
U001,Instagram,2025-02-24 04:14:55,tweeting,24
U003,Twitter,2025-01-13 15:58:29,scrolling,20
U004,TikTok,2025-01-03 19:08:44,tweeting,48
U002,Facebook,2025-01-14 20:51:43,video_watching,22
U001,Facebook,2025-03-23 00:02:06,video_browsing,48
U001,Facebook,2025-04-16 09:34:43,reels_watching,45
U002,Instagram,2025-04-07 18:56:07,video_watching,41
U004,YouTube,2025-04-09 14:17:40,chatting,32
U004,Facebook,2025-04-13 14:00:44,chatting,17
U004,YouTube,2025-02-12 11:07:25,video_watching,27
U004,Facebook,2025-04-15 07:15:33,scrolling,56
U002,Twitter,2025-01-18 21:09:39,scrolling,25
U001,TikTok,2025-02-01 10:13:08,tweeting,22
U002,YouTube,2025-01-11 21:55:09,commenting,59
U001,TikTok,2025-01-24 22:03:09,chatting,31
U001,Facebook,2025-01-28 18:04:05,video_browsing,11
U002,YouTube,2025-03-24 20:39:24,tweeting,40
U004,TikTok,2025-03-13 19:26:36,tweeting,11
U002,YouTube,2025-03-12 20:15:09,video_browsing,46
U001,Instagram,2025-04-15 22:54:28,commenting,53
U003,TikTok,2025-03-01 22:43:18,reels_watching,22
U002,TikTok,2025-01-01 08:56:40,tweeting,54
U001,Instagram,2025-04-08 12:35:33,video_watching,39
U001,Instagram,2025-04-09 21:23:26,commenting,36
U004,Facebook,2025-02-28 07:36:14,chatting,59
U003,YouTube,2025-04-11 14:44:04,video_watching,42
U004,Twitter,2025-03-18 23:42:54,commenting,57
U001,Twitter,2025-02-06 09:42:37,commenting,60
U003,Instagram,2025-01-31 12:49:31,scrolling,42
U002,Instagram,2025-01-10 09:14:31,chatting,37
U004,Twitter,2025-02-08 21:31:13,chatting,43
U002,Facebook,2025-01-06 12:21:49,scrolling,16
U003,Instagram,2025-03-08 09:34:27,scrolling,10
U003,Facebook,2025-03-23 10:21:39,scrolling,44
U003,Twitter,2025-02-16 17:55:23,scrolling,51
U004,Facebook,2025-01-27 07:34:51,tweeting,60
U001,Twitter,2025-04-07 09:10:28,scrolling,28
U004,Twitter,2025-01-27 15:58:04,tweeting,59
U001,Facebook,2025-04-03 14:44:55,chatting,39
U004,YouTube,2025-04-04 05:29:49,reels_watching,21
U002,Twitter,2025-03-18 09:40:44,reels_watching,11
U004,Instagram,2025-02-21 15:22:36,reels_watching,13
U001,TikTok,2025-03-11 01:54:28,scrolling,42
U002,Twitter,2025-02-13 17:20:50,chatting,27
U003,Facebook,2025-02-21 21:12:31,tweeting,20
U002,Instagram,2025-01-18 00:51:39,tweeting,14
U003,Facebook,2025-04-08 19:30:20,video_watching,13
U004,YouTube,2025-03-25 16:18:39,chatting,46
U004,TikTok,2025-03-22 02:08:52,video_browsing,60
U002,Instagram,2025-04-16 16:10:45,tweeting,18
U001,YouTube,2025-02-13 00:48:34,reels_watching,34
U001,TikTok,2025-01-09 18:21:57,reels_watching,58
U002,TikTok,2025-02-12 06:05:01,scrolling,53
U003,YouTube,2025-02-23 02:23:37,chatting,31
U002,YouTube,2025-02-26 10:46:28,video_watching,17
U001,Twitter,2025-01-01 11:41:18,video_browsing,48
U003,Twitter,2025-01-04 14:38:20,video_browsing,24
U004,TikTok,2025-02-26 13:54:27,reels_watching,40
U004,Twitter,2025-03-10 12:53:15,video_browsing,49
U001,Facebook,2025-03-13 02:38:37,commenting,14
U001,TikTok,2025-04-11 22:44:12,tweeting,19
U001,Facebook,2025-02-23 04:15:03,video_browsing,49
U004,Facebook,2025-03-11 20:46:37,video_watching,23
U001,YouTube,2025-01-21 18:56:11,tweeting,34
U003,Instagram,2025-02-16 18:08:07,video_browsing,55
U002,YouTube,2025-01-19 19:13:54,tweeting,26
U002,Facebook,2025-03-04 15:38:30,video_browsing,36
U001,YouTube,2025-02-23 14:36:03,commenting,40
U001,TikTok,2025-04-11 04:09:24,chatting,30
U003,Twitter,2025-01-03 06:48:24,video_browsing,50
U002,TikTok,2025-04-15 00:29:02,scrolling,35
U002,TikTok,2025-03-21 11:52:22,reels_watching,51
U002,TikTok,2025-04-06 03:42:02,commenting,45
U003,Instagram,2025-03-02 17:26:55,tweeting,20
U004,Twitter,2025-01-31 18:04:12,commenting,46
U004,Instagram,2025-02-10 15:13:59,reels_watching,47
U002,Instagram,2025-03-12 23:32:33,video_browsing,11
U003,Instagram,2025-01-30 10:10:30,chatting,47
U002,Facebook,2025-01-11 03:46:03,video_watching,20
U004,YouTube,2025-03-19 14:44:34,tweeting,46
U002,YouTube,2025-02-03 08:19:45,video_browsing,18
U004,TikTok,2025-01-17 14:05:12,video_watching,19
U001,YouTube,2025-03-15 18:04:26,scrolling,27
U003,Facebook,2025-03-03 15:47:37,scrolling,39
U003,Instagram,2025-04-07 12:39:07,video_browsing,45
U003,YouTube,2025-02-11 14:13:32,video_watching,24
U003,YouTube,2025-03-27 15:26:53,tweeting,23
U001,Twitter,2025-03-26 04:43:45,scrolling,34
U004,Instagram,2025-01-30 12:10:51,reels_watching,22
U002,Twitter,2025-02-09 01:36:18,commenting,51
U004,Instagram,2025-03-23 13:37:02,reels_watching,45
U002,YouTube,2025-03-14 03:41:53,scrolling,14
U004,Facebook,2025-01-19 10:15:20,tweeting,30
U002,TikTok,2025-01-11 23:27:58,chatting,24
U002,Instagram,2025-02-09 20:30:24,video_watching,28
U004,TikTok,2025-01-13 16:28:58,reels_watching,40
U004,Facebook,2025-03-11 19:30:08,tweeting,58
U004,Instagram,2025-04-13 09:52:05,video_watching,55
U003,Facebook,2025-01-17 00:04:44,reels_watching,23
U004,Twitter,2025-02-24 10:36:00,commenting,36
U002,Facebook,2025-01-06 17:00:13,reels_watching,34
U002,Facebook,2025-02-09 09:21:38,scrolling,14
U003,Twitter,2025-01-06 19:59:56,video_watching,51
U004,Twitter,2025-02-22 18:38:26,video_watching,19
U001,Facebook,2025-04-12 17:03:26,scrolling,54
U003,Instagram,2025-03-03 00:39:13,chatting,32
U003,Facebook,2025-02-23 17:41:21,chatting,40
U002,YouTube,2025-02-10 09:43:48,chatting,27
U003,TikTok,2025-03-05 19:55:58,scrolling,31
U002,Instagram,2025-03-15 10:06:05,tweeting,55
U004,Twitter,2025-03-28 17:30:18,chatting,49
U004,YouTube,2025-03-07 06:47:42,commenting,24
U002,TikTok,2025-04-04 17:52:28,video_watching,14
U004,Instagram,2025-01-05 11:09:23,video_browsing,16
U003,Instagram,2025-04-10 20:59:15,scrolling,44
U004,Instagram,2025-04-01 17:26:27,tweeting,49
U002,YouTube,2025-02-17 18:20:31,video_browsing,43
U002,Twitter,2025-04-06 21:38:44,scrolling,52
U002,Facebook,2025-03-13 06:46:05,chatting,20
U003,Facebook,2025-04-12 12:14:38,video_browsing,31
U004,Instagram,2025-03-10 06:20:46,video_browsing,34
U002,YouTube,2025-03-20 01:56:01,tweeting,53
U002,Facebook,2025-01-24 22:46:46,chatting,44
U001,Instagram,2025-03-05 16:32:38,video_browsing,31
U003,Instagram,2025-02-28 22:50:56,video_watching,20
U001,YouTube,2025-01-29 15:44:08,chatting,36
U002,TikTok,2025-03-07 14:41:34,tweeting,55
U001,TikTok,2025-02-22 01:22:33,video_browsing,28
U002,Instagram,2025-03-01 23:28:31,chatting,57
U002,Twitter,2025-01-05 18:45:17,video_browsing,52
U004,TikTok,2025-04-01 05:58:12,tweeting,32
U001,Facebook,2025-03-08 22:32:18,reels_watching,27
U001,YouTube,2025-03-18 07:08:49,chatting,46
U001,Instagram,2025-03-24 20:55:02,reels_watching,35
U001,TikTok,2025-02-16 22:56:35,tweeting,34
U004,Instagram,2025-01-03 22:37:32,reels_watching,12
U003,YouTube,2025-01-11 16:24:40,reels_watching,50
U003,Twitter,2025-03-06 16:07:29,chatting,58
U003,YouTube,2025-02-20 15:56:41,reels_watching,27
U003,Facebook,2025-02-18 09:19:41,video_watching,59
U004,TikTok,2025-01-23 07:55:44,scrolling,34
U004,Facebook,2025-03-28 23:03:38,scrolling,53
U001,Twitter,2025-03-02 08:28:31,reels_watching,19
U004,Facebook,2025-04-07 12:08:52,video_browsing,40
U003,Twitter,2025-02-08 21:24:00,tweeting,36
U003,Instagram,2025-01-26 17:07:24,video_browsing,27
U004,Twitter,2025-03-21 21:50:42,commenting,40
U001,Instagram,2025-02-19 16:07:04,commenting,21
U004,Twitter,2025-03-13 14:53:25,commenting,45
U004,Twitter,2025-04-07 02:45:17,video_watching,45
U004,YouTube,2025-04-10 15:39:52,chatting,28
U001,Facebook,2025-01-12 15:19:25,tweeting,52
U001,TikTok,2025-02-18 14:37:04,video_browsing,45
U002,Twitter,2025-03-21 22:01:38,reels_watching,50
U001,TikTok,2025-01-13 16:34:59,commenting,23
U001,YouTube,2025-01-16 15:56:42,chatting,12
U002,Instagram,2025-04-10 14:50:05,video_watching,14
U003,TikTok,2025-02-07 11:12:07,scrolling,22
U003,YouTube,2025-01-08 02:38:34,chatting,18
U004,Instagram,2025-01-14 04:34:56,scrolling,54
U003,Instagram,2025-03-04 20:45:23,scrolling,34
U004,Twitter,2025-04-01 22:30:57,video_watching,19
U002,Facebook,2025-04-11 15:50:31,commenting,40
U001,Instagram,2025-03-30 03:44:02,video_browsing,55
U001,YouTube,2025-02-22 01:47:26,scrolling,28
U003,Facebook,2025-03-12 03:18:51,scrolling,55
U003,Twitter,2025-04-10 08:30:03,reels_watching,21
U003,TikTok,2025-01-14 14:24:12,video_browsing,51
U004,Instagram,2025-01-20 13:45:18,tweeting,29
U004,Facebook,2025-04-07 20:08:08,video_browsing,37
U002,Facebook,2025-04-09 19:20:30,tweeting,16
U004,Instagram,2025-03-25 20:40:32,scrolling,37
U003,Facebook,2025-01-28 10:03:16,scrolling,36
U003,YouTube,2025-04-08 13:04:52,video_watching,53
U002,YouTube,2025-01-10 08:15:22,tweeting,60
U003,YouTube,2025-03-05 22:18:36,video_browsing,40
U004,Instagram,2025-03-11 18:19:54,video_browsing,52
U004,Facebook,2025-02-14 06:36:21,commenting,16
U003,YouTube,2025-01-06 07:58:13,commenting,10
U001,YouTube,2025-02-06 20:14:24,video_browsing,56
U003,TikTok,2025-03-19 20:15:43,commenting,40
U001,Twitter,2025-03-27 16:08:42,reels_watching,26
U004,YouTube,2025-02-18 02:24:01,tweeting,26
U004,Instagram,2025-03-10 07:03:27,commenting,23
U004,YouTube,2025-04-12 01:20:32,chatting,25
U004,YouTube,2025-01-06 19:59:08,tweeting,55
U004,YouTube,2025-02-20 17:25:55,chatting,48
U003,TikTok,2025-02-27 05:12:18,commenting,53
U003,Instagram,2025-02-04 16:24:18,reels_watching,49
U001,Instagram,2025-01-04 02:13:11,commenting,16
U003,Instagram,2025-03-09 08:35:43,video_browsing,46
U004,YouTube,2025-04-07 14:16:16,video_browsing,32
U004,TikTok,2025-02-19 05:53:38,video_browsing,21
U004,YouTube,2025-01-02 21:14:04,commenting,53
U003,YouTube,2025-01-01 13:23:39,video_browsing,57
U001,Instagram,2025-04-09 01:15:52,commenting,16
U003,Twitter,2025-01-17 03:15:04,video_browsing,49
U001,Instagram,2025-02-06 03:52:42,chatting,16
U001,TikTok,2025-03-19 12:32:02,reels_watching,14
U004,TikTok,2025-01-29 19:06:04,video_browsing,12
U002,Twitter,2025-03-31 03:22:00,video_browsing,20
U001,Twitter,2025-03-07 14:57:14,commenting,49
U004,Facebook,2025-02-20 04:15:45,video_browsing,33
U002,Facebook,2025-01-27 06:34:35,commenting,28
U002,YouTube,2025-01-06 00:03:32,video_browsing,53
U003,Twitter,2025-01-18 04:59:30,scrolling,34
U003,Facebook,2025-03-12 05:49:14,reels_watching,40
U001,Facebook,2025-02-25 17:24:11,chatting,60
U001,Facebook,2025-03-22 18:53:58,reels_watching,16
U003,YouTube,2025-01-04 16:43:08,tweeting,58
U003,TikTok,2025-03-25 02:46:46,video_browsing,40
U004,Instagram,2025-03-25 01:09:55,chatting,27
U003,Twitter,2025-03-16 16:55:10,chatting,31
U001,TikTok,2025-01-28 12:43:07,video_browsing,53
U004,Facebook,2025-02-19 13:15:34,video_browsing,20
U003,YouTube,2025-01-04 15:44:41,chatting,48
U003,Facebook,2025-04-04 03:44:03,commenting,32
U004,YouTube,2025-04-04 18:40:12,tweeting,30
U002,TikTok,2025-04-05 00:49:15,scrolling,43
U002,Facebook,2025-02-13 19:42:01,tweeting,42
U004,Instagram,2025-03-11 03:09:33,video_browsing,39
U004,TikTok,2025-04-13 22:50:22,commenting,44
U004,Twitter,2025-02-11 13:45:51,scrolling,50
U001,Facebook,2025-02-26 11:59:58,reels_watching,60
U002,Twitter,2025-04-03 10:49:33,video_browsing,58
U003,Instagram,2025-02-19 11:22:53,video_watching,13
U004,Facebook,2025-03-08 15:25:31,commenting,32
U001,TikTok,2025-01-16 23:46:07,chatting,34
U004,TikTok,2025-01-06 16:16:12,video_browsing,41
U002,Instagram,2025-01-12 05:32:25,reels_watching,29
U001,YouTube,2025-03-08 22:41:51,video_browsing,51
U003,Twitter,2025-03-16 17:42:55,reels_watching,29
U004,YouTube,2025-03-09 19:40:05,chatting,58
U001,Twitter,2025-03-20 18:22:35,reels_watching,44
U002,Instagram,2025-01-22 07:07:13,video_browsing,19
U003,TikTok,2025-02-15 16:57:33,tweeting,10
U001,YouTube,2025-02-01 11:51:36,commenting,48
U001,Facebook,2025-01-02 22:45:36,scrolling,45
U001,Instagram,2025-03-25 08:07:04,chatting,35
U001,TikTok,2025-02-27 04:29:10,scrolling,27
U002,Instagram,2025-04-03 15:37:59,chatting,54
U003,TikTok,2025-02-23 13:49:33,video_browsing,24
U004,Instagram,2025-04-01 17:58:12,commenting,10
U004,TikTok,2025-04-06 00:55:53,video_watching,55
U004,YouTube,2025-01-26 03:33:37,scrolling,30
U001,TikTok,2025-04-04 05:15:48,chatting,41
U001,YouTube,2025-01-26 22:13:58,tweeting,39
U004,Instagram,2025-02-07 19:30:56,reels_watching,23
U002,Facebook,2025-01-13 15:27:36,chatting,44
U001,YouTube,2025-01-03 03:46:12,tweeting,10
U002,Facebook,2025-03-27 04:10:20,tweeting,19
U001,TikTok,2025-03-14 09:47:02,scrolling,29
U001,Instagram,2025-02-18 00:27:24,commenting,22
U003,YouTube,2025-01-29 19:52:20,chatting,28
U003,TikTok,2025-03-29 08:36:59,tweeting,13
U001,Instagram,2025-02-22 16:37:20,reels_watching,31
U001,TikTok,2025-03-16 17:47:18,video_browsing,34
U002,Instagram,2025-01-24 12:20:11,chatting,47
U001,Twitter,2025-01-14 14:11:01,reels_watching,30
U002,Facebook,2025-01-13 22:23:34,commenting,20
U001,TikTok,2025-04-01 17:18:14,reels_watching,48
